-- Sakila Sample Data for MySQL 5.6+/5.7+

USE `sakila`;

-- Insert countries
INSERT INTO `country` (`country_id`, `country`, `last_update`) VALUES
(1, 'Afghanistan', NOW()),
(2, 'Algeria', NOW()),
(3, 'American Samoa', NOW()),
(4, 'Angola', NOW()),
(5, 'Anguilla', NOW()),
(6, 'Argentina', NOW()),
(7, 'Armenia', NOW()),
(8, 'Australia', NOW()),
(9, 'Austria', NOW()),
(10, 'Azerbaijan', NOW()),
(11, 'Bahrain', NOW()),
(12, 'Bangladesh', NOW()),
(13, 'Belarus', NOW()),
(14, 'Belgium', NOW()),
(15, 'Belize', NOW()),
(16, 'Benin', NOW()),
(17, 'Bermuda', NOW()),
(18, 'Bolivia', NOW()),
(19, 'Botswana', NOW()),
(20, 'Brazil', NOW()),
(21, 'Brunei', NOW()),
(22, 'Bulgaria', NOW()),
(23, 'Burkina Faso', NOW()),
(24, 'Burundi', NOW()),
(25, 'Cambodia', NOW()),
(26, 'Cameroon', NOW()),
(27, 'Canada', NOW()),
(28, 'Cape Verde', NOW()),
(29, 'Cayman Islands', NOW()),
(30, 'Central African Republic', NOW()),
(31, 'Chad', NOW()),
(32, 'Chile', NOW()),
(33, 'China', NOW()),
(34, 'Colombia', NOW()),
(35, 'Comoros', NOW()),
(36, 'Congo', NOW()),
(37, 'Costa Rica', NOW()),
(38, 'Croatia', NOW()),
(39, 'Cuba', NOW()),
(40, 'Cyprus', NOW()),
(41, 'Czech Republic', NOW()),
(42, 'Denmark', NOW()),
(43, 'Djibouti', NOW()),
(44, 'Dominican Republic', NOW()),
(45, 'Ecuador', NOW()),
(46, 'Egypt', NOW()),
(47, 'El Salvador', NOW()),
(48, 'Equatorial Guinea', NOW()),
(49, 'Eritrea', NOW()),
(50, 'Estonia', NOW()),
(51, 'Ethiopia', NOW()),
(52, 'Falkland Islands', NOW()),
(53, 'Faroe Islands', NOW()),
(54, 'Fiji', NOW()),
(55, 'Finland', NOW()),
(56, 'France', NOW()),
(57, 'French Guiana', NOW()),
(58, 'French Polynesia', NOW()),
(59, 'Gabon', NOW()),
(60, 'Gambia', NOW()),
(61, 'Georgia', NOW()),
(62, 'Germany', NOW()),
(63, 'Ghana', NOW()),
(64, 'Gibraltar', NOW()),
(65, 'Greece', NOW()),
(66, 'Greenland', NOW()),
(67, 'Guatemala', NOW()),
(68, 'Guinea', NOW()),
(69, 'Guinea-Bissau', NOW()),
(70, 'Guyana', NOW()),
(71, 'Haiti', NOW()),
(72, 'Honduras', NOW()),
(73, 'Hong Kong', NOW()),
(74, 'Hungary', NOW()),
(75, 'Iceland', NOW()),
(76, 'India', NOW()),
(77, 'Indonesia', NOW()),
(78, 'Iran', NOW()),
(79, 'Iraq', NOW()),
(80, 'Ireland', NOW()),
(81, 'Israel', NOW()),
(82, 'Italy', NOW()),
(83, 'Jamaica', NOW()),
(84, 'Japan', NOW()),
(85, 'Jordan', NOW()),
(86, 'Kazakhstan', NOW()),
(87, 'Kenya', NOW()),
(88, 'Kuwait', NOW()),
(89, 'Kyrgyzstan', NOW()),
(90, 'Laos', NOW()),
(91, 'Latvia', NOW()),
(92, 'Lebanon', NOW()),
(93, 'Lesotho', NOW()),
(94, 'Liberia', NOW()),
(95, 'Libya', NOW()),
(96, 'Liechtenstein', NOW()),
(97, 'Lithuania', NOW()),
(98, 'Luxembourg', NOW()),
(99, 'Macau', NOW()),
(100, 'Madagascar', NOW()),
(101, 'Malawi', NOW()),
(102, 'Malaysia', NOW()),
(103, 'Maldives', NOW()),
(104, 'Mali', NOW()),
(105, 'Malta', NOW()),
(106, 'Marshall Islands', NOW()),
(107, 'Mauritania', NOW()),
(108, 'Mauritius', NOW()),
(109, 'Mexico', NOW()),
(110, 'Micronesia', NOW()),
(111, 'Moldova', NOW()),
(112, 'Monaco', NOW()),
(113, 'Mongolia', NOW()),
(114, 'Montenegro', NOW()),
(115, 'Morocco', NOW()),
(116, 'Mozambique', NOW()),
(117, 'Myanmar', NOW()),
(118, 'Namibia', NOW()),
(119, 'Nauru', NOW()),
(120, 'Nepal', NOW()),
(121, 'Netherlands', NOW()),
(122, 'New Caledonia', NOW()),
(123, 'New Zealand', NOW()),
(124, 'Nicaragua', NOW()),
(125, 'Niger', NOW()),
(126, 'Nigeria', NOW()),
(127, 'North Korea', NOW()),
(128, 'Norway', NOW()),
(129, 'Oman', NOW()),
(130, 'Pakistan', NOW()),
(131, 'Palau', NOW()),
(132, 'Palestine', NOW()),
(133, 'Panama', NOW()),
(134, 'Papua New Guinea', NOW()),
(135, 'Paraguay', NOW()),
(136, 'Peru', NOW()),
(137, 'Philippines', NOW()),
(138, 'Poland', NOW()),
(139, 'Portugal', NOW()),
(140, 'Puerto Rico', NOW()),
(141, 'Qatar', NOW()),
(142, 'Romania', NOW()),
(143, 'Russia', NOW()),
(144, 'Rwanda', NOW()),
(145, 'Saint Kitts and Nevis', NOW()),
(146, 'Saint Lucia', NOW()),
(147, 'Saint Vincent and the Grenadines', NOW()),
(148, 'Samoa', NOW()),
(149, 'San Marino', NOW()),
(150, 'Sao Tome and Principe', NOW()),
(151, 'Saudi Arabia', NOW()),
(152, 'Senegal', NOW()),
(153, 'Serbia', NOW()),
(154, 'Seychelles', NOW()),
(155, 'Sierra Leone', NOW()),
(156, 'Singapore', NOW()),
(157, 'Slovakia', NOW()),
(158, 'Slovenia', NOW()),
(159, 'Solomon Islands', NOW()),
(160, 'Somalia', NOW()),
(161, 'South Africa', NOW()),
(162, 'South Korea', NOW()),
(163, 'Spain', NOW()),
(164, 'Sri Lanka', NOW()),
(165, 'Sudan', NOW()),
(166, 'Suriname', NOW()),
(167, 'Swaziland', NOW()),
(168, 'Sweden', NOW()),
(169, 'Switzerland', NOW()),
(170, 'Syria', NOW()),
(171, 'Taiwan', NOW()),
(172, 'Tajikistan', NOW()),
(173, 'Tanzania', NOW()),
(174, 'Thailand', NOW()),
(175, 'Togo', NOW()),
(176, 'Tonga', NOW()),
(177, 'Trinidad and Tobago', NOW()),
(178, 'Tunisia', NOW()),
(179, 'Turkey', NOW()),
(180, 'Turkmenistan', NOW()),
(181, 'Uganda', NOW()),
(182, 'Ukraine', NOW()),
(183, 'United Arab Emirates', NOW()),
(184, 'United Kingdom', NOW()),
(185, 'United States', NOW()),
(186, 'Uruguay', NOW()),
(187, 'Uzbekistan', NOW()),
(188, 'Vanuatu', NOW()),
(189, 'Vatican City', NOW()),
(190, 'Venezuela', NOW()),
(191, 'Vietnam', NOW()),
(192, 'Wallis and Futuna', NOW()),
(193, 'Yemen', NOW()),
(194, 'Zambia', NOW()),
(195, 'Zimbabwe', NOW());

-- Insert languages
INSERT INTO `language` (`language_id`, `name`, `last_update`) VALUES
(1, 'English', NOW()),
(2, 'Italian', NOW()),
(3, 'Japanese', NOW()),
(4, 'Mandarin', NOW()),
(5, 'French', NOW()),
(6, 'German', NOW());

-- Insert categories
INSERT INTO `category` (`category_id`, `name`, `last_update`) VALUES
(1, 'Action', NOW()),
(2, 'Animation', NOW()),
(3, 'Children', NOW()),
(4, 'Classics', NOW()),
(5, 'Comedy', NOW()),
(6, 'Documentary', NOW()),
(7, 'Drama', NOW()),
(8, 'Family', NOW()),
(9, 'Foreign', NOW()),
(10, 'Games', NOW()),
(11, 'Horror', NOW()),
(12, 'Music', NOW()),
(13, 'New', NOW()),
(14, 'Sci-Fi', NOW()),
(15, 'Sports', NOW()),
(16, 'Thriller', NOW()),
(17, 'Travel', NOW());

-- Insert actors (sample)
INSERT INTO `actor` (`actor_id`, `first_name`, `last_name`, `last_update`) VALUES
(1, 'PENELOPE', 'GUINESS', NOW()),
(2, 'NICK', 'WAHLBERG', NOW()),
(3, 'ED', 'CHASE', NOW()),
(4, 'JENNIFER', 'DAVIS', NOW()),
(5, 'JOHNNY', 'LOLLOBRIGIDA', NOW()),
(6, 'BETTE', 'NICHOLSON', NOW()),
(7, 'GRACE', 'MOSTEL', NOW()),
(8, 'MATTHEW', 'JOHANSSON', NOW()),
(9, 'JOE', 'SWANK', NOW()),
(10, 'CHRISTIAN', 'GABLE', NOW());

-- Insert films (sample)
INSERT INTO `film` (`film_id`, `title`, `description`, `release_year`, `language_id`, `rental_duration`, `rental_rate`, `length`, `replacement_cost`, `rating`, `special_features`, `last_update`) VALUES
(1, 'ACADEMY DINOSAUR', 'A Epic Drama of a Feminist And a Mad Scientist who must Battle a Teacher in The Canadian Rockies', 2006, 1, 6, 0.99, 86, 20.99, 'PG', 'Deleted Scenes,Behind the Scenes', NOW()),
(2, 'ACE GOLDFINGER', 'A Astounding Epistle of a Database Administrator And a Explorer who must Find a Car in Ancient China', 2006, 1, 3, 4.99, 48, 12.99, 'G', 'Trailers,Deleted Scenes', NOW()),
(3, 'ADAPTATION HOLES', 'A Astounding Reflection of a Lumberjack And a Car who must Reach a Feminist in Old India', 2006, 1, 7, 2.99, 50, 18.99, 'NC-17', 'Trailers,Deleted Scenes', NOW()),
(4, 'AFFAIR PREJUDICE', 'A Fanciful Documentary of a Frisbee And a Lumberjack who must Chase a Monkey in A Shark Tank', 2006, 1, 5, 2.99, 117, 26.99, 'G', 'Commentaries,Behind the Scenes', NOW()),
(5, 'AFRICAN EGG', 'A Fast-Paced Documentary of a Pastry Chef And a Dentist who must Pursue a Forensic Psychologist in The Gulf of Mexico', 2006, 1, 6, 2.99, 130, 20.99, 'G', 'Commentaries,Behind the Scenes', NOW());

-- Insert film_category associations
INSERT INTO `film_category` (`film_id`, `category_id`, `last_update`) VALUES
(1, 6, NOW()),
(2, 11, NOW()),
(3, 7, NOW()),
(4, 7, NOW()),
(5, 7, NOW());

-- Insert film_actor associations
INSERT INTO `film_actor` (`actor_id`, `film_id`, `last_update`) VALUES
(1, 1, NOW()),
(2, 1, NOW()),
(3, 2, NOW()),
(4, 3, NOW()),
(5, 4, NOW());

-- Insert stores
INSERT INTO `store` (`store_id`, `manager_staff_id`, `address_id`, `last_update`) VALUES
(1, 1, 1, NOW()),
(2, 2, 2, NOW());

-- Insert staff
INSERT INTO `staff` (`staff_id`, `first_name`, `last_name`, `address_id`, `email`, `store_id`, `active`, `username`, `password`, `last_update`) VALUES
(1, 'Mike', 'Hillyer', 1, 'Mike.Hillyer@sakilastaff.com', 1, 1, 'Mike', '8cb2237d0679ca88db6464eac60da96345513964', NOW()),
(2, 'Jon', 'Stephens', 2, 'Jon.Stephens@sakilastaff.com', 2, 1, 'Jon', '8cb2237d0679ca88db6464eac60da96345513964', NOW());
